n_agents,mean_step_s,sd_step_s
1000,0.0026697635813616215,0.000465187110864376
10000,0.003101639476371929,0.00024508421301987714
100000,0.012714096485869958,0.004616971566087896
